SKN,Island,albedo,coastDist,dem_250,lai,rf,tpi,windSpeed,LON,LAT,optional
2.32,BI,11.683500289917,11247.60546875,746.064880371094,0.797199726104736,877.497192382812,-2.88560485839844,0.994923651218414,-155.78944,19.10778,True
3.9,BI,12.3316669464111,12794.16796875,930.497985839844,0.794778048992157,1607.60327148438,-0.835583984851837,2.83307123184204,-155.6697222,19.10083333,True
4.15,BI,NA,NA,295.25494384765625,NA,NA,NA,NA,-155.668,18.9928,NA
9.2,BI,11.683500289917,6832.974609375,706.599365234375,0.668504595756531,2738.47338867188,-0.192527770996094,2.93481636047363,-155.1258333,19.34805556,True
12.15,BI,11.8706665039062,1069.91137695312,28.2571983337402,0.723023891448975,993.787048339844,-2.83127999305725,2.21394562721252,-155.5152744,19.13310292,True
12.16,BI,NA,NA,652.5535888671875,NA,NA,NA,NA,-155.57035,19.16877,NA
14.0,BI,12.2062501907349,3764.1796875,202.67170715332,0.69474858045578,1062.00842285156,-7.36817216873169,2.27826762199402,-155.5855501,19.06032754,True
21.3,BI,14.8703336715698,7397.35302734375,362.006072998047,0.878270149230957,1493.43090820312,-4.09219598770142,1.72787618637085,-155.48861,19.20667,True
23.0,BI,10.935417175293,12784.630859375,1765.57470703125,0.429247051477432,886.509338378906,-0.460423797369003,1.30787634849548,-155.78,19.23222222,True
24.1,BI,11.683500289917,2378.27197265625,430.339141845703,0.820525407791138,1079.46154785156,-0.442419677972794,0.919179379940033,-155.8738768,19.27032215,True
24.4,BI,11.8706665039062,1068.99267578125,119.717140197754,0.635603785514832,881.841003417969,-12.6160259246826,0.929013907909393,-155.883,19.317,True
26.2,BI,12.9787502288818,1904.79553222656,438.531311035156,0.790869295597076,1252.6904296875,3.39966201782227,1.09858298301697,-155.9122125,19.48975723,True
36.3,BI,15.1754169464111,8845.509765625,525.446899414062,0.74329674243927,1393.39770507812,-3.61115002632141,1.62729954719543,-155.441781,19.25811,True
38.9,BI,3.85458326339722,783.72802734375,17.5796890258789,0.168552786111832,1501.29272460938,NA,4.76810169219971,-155.1075,19.29277778,True
39.0,BI,3.85458326339722,36988.44921875,3389.35986328125,0.359360545873642,452.076965332031,8.18996143341064,3.39387559890747,-155.5763,19.5362,True
39.1,BI,3.85458326339722,37498.30859375,3336.4248046875,0.119856975972652,462.408264160156,-3.54201245307922,3.20884490013123,-155.5722206,19.53863295,True
39.2,BI,3.85458326339722,36988.44921875,3389.35986328125,0.359360545873642,452.076965332031,8.18996143341064,3.39387559890747,-155.576,19.5354,True
43.3,BI,13.5561666488647,532.668395996094,20.6550979614258,0.678917169570923,272.211242675781,NA,1.40677630901337,-155.8211111,20.025,True
47.0,BI,3.85458326339722,24939.888671875,1699.40905761719,0.49653697013855,1738.5419921875,-0.689102172851562,2.8155312538147,-155.3627778,19.47555556,True
48.0,BI,15.1754169464111,6143.66796875,847.855407714844,0.617873191833496,2037.64123535156,2.17580676078796,3.4573495388031,-155.2922222,19.3175,True
49.0,BI,10.935417175293,24634.392578125,1667.15747070312,0.413820058107376,1737.07067871094,-2.83288073539734,2.25066304206848,-155.3588889,19.47361111,True
54.0,BI,11.564582824707,18181.861328125,1210.46179199219,0.688934087753296,2650.79370117188,6.26872253417969,2.85806012153625,-155.257146,19.429741,True
54.8,BI,12.3316669464111,16445.181640625,1195.96142578125,0.844297349452972,2753.94262695312,23.9026794433594,3.10652351379395,-155.23833,19.41528,True
54.9,BI,14.1107501983643,23583.5234375,1044.59936523438,1.0,4584.01123046875,-2.05531311035156,2.01180934906006,-155.215,19.47833,True
55.4,BI,12.3316669464111,21746.875,676.40234375,0.968215584754944,5553.15869140625,4.9255576133728,1.64175260066986,-155.14389,19.52194,True
63.0,BI,11.8706665039062,943.749633789062,6.63488912582397,0.596785485744476,496.763092041016,-2.65373706817627,1.48981976509094,-156.0202778,19.67277778,True
68.13,BI,11.564582824707,471.716552734375,2.8627622127533,0.296708643436432,329.430236816406,NA,1.86525106430054,-156.0586039,19.72779668,True
68.21,BI,3.85458326339722,943.380310058594,10.7485628128052,0.152387693524361,339.823455810547,1.74404883384705,2.50481271743774,-156.04889,19.73556,True
68.61,BI,NA,NA,528.5282592773438,NA,NA,NA,NA,-155.957474,19.668669,NA
69.25,BI,11.3028335571289,6148.23876953125,258.576080322266,0.564997375011444,797.886596679688,-2.20953106880188,1.54949843883514,-155.99582,19.73756,True
69.28,BI,NA,NA,448.5485534667969,NA,NA,NA,NA,-155.978,19.707,NA
69.51,BI,NA,NA,159.89959716796875,NA,NA,NA,NA,-155.96,19.61,NA
70.7,BI,NA,NA,1660.491943359375,NA,NA,NA,NA,-155.87389,19.72544,NA
73.2,BI,12.9787502288818,3679.65307617188,467.780487060547,0.854753792285919,1445.7314453125,0.6863072514534,1.02637684345245,-155.9255461,19.53364321,True
75.1,BI,8.92791652679443,29035.84765625,1604.48461914062,0.29313063621521,464.243225097656,-3.23666882514954,1.64167177677155,-155.7077778,19.66694444,True
79.0,BI,10.6704168319702,30348.6875,1578.48767089844,0.806315898895264,2680.80029296875,-1.49463903903961,1.59319865703583,-155.3005575,19.54863532,True
87.0,BI,11.564582824707,1432.36389160156,9.75322437286377,0.96280437707901,3315.2763671875,0.0133390827104449,1.64736819267273,-155.053,19.7191,True
87.5,BI,12.3316669464111,8994.6201171875,192.839569091797,0.88638824224472,4107.802734375,2.58397603034973,1.42990016937256,-155.0827,19.645,True
87.9,BI,12.3316669464111,3446.09936523438,108.585105895996,0.81585681438446,3906.49072265625,4.81825304031372,1.41002321243286,-155.0954,19.69748,True
88.1,BI,12.3316669464111,7901.3564453125,346.483337402344,0.982333123683929,5031.033203125,-1.51342141628265,1.28432404994965,-155.1405634,19.68362898,True
88.8,BI,NA,NA,186.0061492919922,NA,NA,NA,NA,-155.0805636,19.644743,NA
91.0,BI,14.8703336715698,17269.96484375,460.160858154297,0.937809824943542,4543.0166015625,-1.08170068264008,1.84446573257446,-155.1101,19.5487,True
91.14,BI,12.3316669464111,12372.6572265625,302.357818603516,0.964010655879974,4365.69775390625,-2.12000918388367,1.49998354911804,-155.083,19.59,True
91.6,BI,12.3316669464111,12907.5751953125,293.793029785156,0.870866477489471,3792.16552734375,1.50694143772125,1.78501629829407,-155.0206,19.5145,True
92.11,BI,NA,NA,180.6278533935547,NA,NA,NA,NA,-155.0515231,19.6061748,NA
93.12,BI,9.90299987792969,15759.966796875,810.117980957031,0.443362921476364,653.913208007812,4.90141296386719,1.50549817085266,-155.7697222,19.83277778,True
93.13,BI,11.3028335571289,9963.8486328125,606.09033203125,0.523552656173706,578.635437011719,-3.31777453422546,1.14286112785339,-155.85062,19.80256,True
93.9,BI,11.2469997406006,249.080642700195,0.838887333869934,0.251982718706131,265.797607421875,NA,2.54879117012024,-155.9247,19.85497,True
94.0,BI,3.85458326339722,5795.12744140625,346.146301269531,0.49314072728157,459.943725585938,-2.46539807319641,2.08030843734741,-155.9180556,19.80333333,True
94.5,BI,10.1972503662109,10802.8466796875,673.812744140625,0.579513728618622,619.111572265625,2.29035449028015,1.08648872375488,-155.8452778,19.795,True
94.6,BI,NA,NA,1119.1900634765625,NA,NA,NA,NA,-155.83118,19.77241,NA
95.6,BI,13.5561666488647,7467.439453125,272.801879882812,0.689845740795135,323.151947021484,-7.03226709365845,2.62110757827759,-155.7936111,19.92416667,True
98.1,BI,11.8706665039062,864.276733398438,41.1433601379395,0.719233274459839,281.347778320312,4.12591886520386,1.95787012577057,-155.81944,20.02666416,True
98.2,BI,11.8706665039062,1023.91619873047,36.9141998291016,0.6464963555336,758.093322753906,1.38792729377747,1.08709406852722,-155.9075,19.42194444,True
99.0,BI,9.11541652679443,25183.546875,1263.41345214844,0.22458204627037,561.18896484375,-4.24171447753906,1.5441278219223,-155.7022222,19.77166667,True
101.1,BI,15.1754169464111,18235.6796875,987.398376464844,0.715816974639893,620.990234375,3.62237811088562,2.47229552268982,-155.6786111,19.90222222,True
102.8,BI,15.1754169464111,28006.37109375,1959.99694824219,0.699734210968018,539.238830566406,6.90717554092407,1.4993007183075,-155.6130556,19.83638889,True
107.3,BI,15.1754169464111,38234.71875,1872.81213378906,0.697454512119293,382.776489257812,-1.95628869533539,2.94863867759705,-155.55361,19.76,True
107.4,BI,12.9787502288818,44333.12890625,1956.1640625,0.25426521897316,598.851989746094,-1.23900353908539,5.51859855651855,-155.5452778,19.68277778,True
108.0,BI,15.1754169464111,33501.453125,1701.61340332031,0.617166519165039,503.617095947266,4.21882629394531,3.08489537239075,-155.627,19.746,True
109.0,BI,15.1754169464111,33700.6953125,1700.50769042969,0.34062871336937,500.516326904297,-2.29400134086609,3.03688716888428,-155.6261111,19.74583333,True
113.2,BI,15.1754169464111,16632.31640625,1819.09411621094,0.656631171703339,765.470031738281,-0.243545532226562,2.41286611557007,-155.44,19.92666,True
126.2,BI,NA,NA,2337.09228515625,NA,NA,NA,NA,-155.362586,19.845036,NA
127.5,BI,12.3316669464111,8623.42578125,1149.439453125,0.84762054681778,3375.0615234375,1.25112915039062,2.9118185043335,-155.29129,19.93217,True
128.1,BI,10.935417175293,18035.96484375,1680.26232910156,0.733626365661621,2655.65844726562,-2.00966382026672,1.53259921073914,-155.30797,19.83873,True
129.0,BI,10.935417175293,20914.85546875,1942.33581542969,0.707811057567596,1974.62072753906,-1.67240905761719,1.51673543453217,-155.3305556,19.82111111,True
132.2,BI,15.1754169464111,3197.58227539062,459.707824707031,0.975464940071106,4898.52392578125,-1.46121728420258,3.33823895454407,-155.25014,19.96358,True
132.5,BI,15.1754169464111,1806.07690429688,275.953460693359,0.888399124145508,4371.4326171875,-3.60287022590637,3.1503427028656,-155.23944,19.97278,True
132.6,BI,NA,NA,338.5273132324219,NA,NA,NA,NA,-155.2367,19.9672,NA
133.1,BI,13.5561666488647,864.431213378906,150.065734863281,0.845022976398468,3823.51904296875,5.71627950668335,2.61927199363708,-155.2305601,19.98027372,True
141.1,BI,NA,NA,250.29283142089844,NA,NA,NA,NA,-155.122435,19.834341,NA
147.2,BI,15.1754169464111,3250.29370117188,303.851806640625,0.731720924377441,295.083190917969,4.20593118667603,2.63511681556702,-155.8325,20.08305556,True
159.2,BI,3.85458326339722,470.165100097656,22.0998706817627,0.72081333398819,807.0615234375,NA,5.93565082550049,-155.8869314,20.25025779,True
160.3,BI,NA,NA,31.50788307189941,NA,NA,NA,NA,-155.8582,20.265,NA
168.0,BI,12.9787502288818,2998.33032226562,184.144088745117,0.787916600704193,1463.2314453125,1.46474707126617,4.47254467010498,-155.8272119,20.23692665,True
181.3,BI,NA,NA,1134.84326171875,NA,NA,NA,NA,-155.749329,20.122834,NA
191.1,BI,15.1754169464111,15196.783203125,800.975830078125,0.742401301860809,504.194000244141,1.00021612644196,5.19362783432007,-155.6763867,20.01083015,True
191.41,BI,NA,NA,801.5787353515625,NA,NA,NA,NA,-155.677085,20.019528,NA
201.4,BI,NA,NA,807.3716430664062,NA,NA,NA,NA,-155.6743,19.9984,NA
208.1,BI,NA,NA,299.36376953125,NA,NA,NA,NA,-155.531,20.101,NA
221.0,BI,12.9787502288818,2103.646484375,248.840255737305,0.864238560199738,2557.35986328125,1.16053581237793,3.27901268005371,-155.3688913,20.03860487,True
223.0,BI,14.1107501983643,747.255554199219,116.294364929199,0.827387273311615,3038.140625,9.91528797149658,4.60597944259644,-155.2838932,20.01527222,True
249.1,MA,11.2469997406006,970.460327148438,28.9875106811523,0.650120258331299,371.260681152344,-2.44915223121643,2.3051860332489,-156.4388486,20.6420893,True
253.0,MA,15.1754169464111,6974.857421875,1142.11938476562,0.537577450275421,733.613464355469,-21.7561721801758,1.55106568336487,-156.3420556,20.64422222,True
254.11,MA,NA,NA,721.3018188476562,NA,NA,NA,NA,-156.273889,20.633945,NA
254.12,MA,NA,NA,1003.7645263671876,NA,NA,NA,NA,-156.284703,20.644215,NA
257.1,MA,NA,NA,448.0255432128906,NA,NA,NA,NA,-156.1921934,20.65514412,NA
258.6,MA,12.9787502288818,468.906982421875,18.3826713562012,0.747965276241302,2087.51000976562,NA,3.12289834022522,-156.04248,20.662925,True
266.0,MA,15.1754169464111,6725.78759765625,1319.68688964844,0.769055068492889,2258.95092773438,-37.3959045410156,3.59437704086304,-156.1519444,20.68416667,True
267.0,MA,13.5561666488647,9405.87109375,932.056640625,0.703230142593384,800.120422363281,-2.21915173530579,0.884056389331818,-156.3555187,20.70013977,True
267.11,MA,NA,NA,882.7899780273438,NA,NA,NA,NA,-156.3554,20.7067,NA
267.8,MA,14.1008329391479,11281.671875,1996.85327148438,0.66634738445282,928.495483398438,-11.4302978515625,1.07513582706451,-156.3216667,20.68305556,True
276.0,MA,10.6704168319702,8706.0712890625,1662.84997558594,0.941156923770905,10271.421875,87.4872970581055,2.90428256988525,-156.09225,20.72655556,True
277.0,MA,10.4320831298828,9914.6787109375,1892.53015136719,0.936442792415619,8327.7900390625,58.6954231262207,2.47560739517212,-156.1071389,20.73630556,True
278.0,MA,10.4320831298828,10527.859375,2096.20556640625,0.299271762371063,5612.56298828125,38.35302734375,2.01546239852905,-156.1228889,20.73422222,True
278.12,MA,10.935417175293,9783.0908203125,2021.40539550781,0.183920115232468,4560.50830078125,25.4243679046631,2.2066376209259,-156.1424321,20.74567736,True
278.3,MA,10.4320831298828,10256.2841796875,2098.49462890625,0.258096545934677,6150.935546875,72.2642822265625,2.34170126914978,-156.1214124,20.73575551,True
278.5,MA,10.4320831298828,10292.115234375,2217.71508789062,0.198400437831879,4345.39697265625,3.4608256816864,2.22309064865112,-156.1365744,20.73857613,True
278.6,MA,10.4320831298828,10051.1328125,2135.212890625,0.187491029500961,4639.1005859375,0.621368408203125,1.96907413005829,-156.1350318,20.74071537,True
278.7,MA,10.4320831298828,9751.642578125,2041.51770019531,0.209952816367149,5199.78564453125,12.8895263671875,2.02265858650208,-156.1342138,20.74195056,True
278.9,MA,10.935417175293,9783.0908203125,2021.40539550781,0.183920115232468,4560.50830078125,25.4243679046631,2.2066376209259,-156.1421289,20.74489428,True
279.0,MA,12.5218334197998,11037.4755859375,2425.8427734375,0.146253570914268,3108.939453125,103.453033447266,3.23991346359253,-156.1413056,20.73061111,True
283.0,MA,NA,NA,126.99500274658205,NA,NA,NA,NA,-156.002356,20.719497,NA
302.0,MA,NA,NA,3.631379365921021,NA,NA,NA,NA,-156.514,20.7903,NA
311.2,MA,11.2469997406006,1023.59442138672,0.765388250350952,0.442578583955765,289.369201660156,-0.601617455482483,3.71163487434387,-156.4772222,20.7975,True
324.6,MA,12.9787502288818,14163.83203125,954.275451660156,0.768027782440186,632.122436523438,7.31529474258423,1.47894823551178,-156.3200278,20.75788889,True
324.7,MA,12.9787502288818,14163.83203125,954.275451660156,0.768027782440186,632.122436523438,7.31529474258423,1.47894823551178,-156.3217,20.7577991,True
328.4,MA,15.1754169464111,16743.76953125,1621.49865722656,0.685161173343658,885.531127929688,6.96890783309937,2.70881462097168,-156.2775,20.75763889,True
329.0,MA,NA,NA,1175.2083740234375,NA,NA,NA,NA,-156.2805211,20.80179746,NA
337.0,MA,3.85458326339722,9783.8603515625,2906.14111328125,0.0689829960465431,1081.83435058594,66.3506698608398,4.01292371749878,-156.241101,20.703948,True
337.1,MA,3.85458326339722,10897.24609375,2659.50463867188,0.130358591675758,1066.79357910156,14.8901567459106,2.70047950744629,-156.2394,20.714563,True
337.2,MA,3.85458326339722,9707.6923828125,2444.79858398438,0.0761725232005119,1129.84948730469,2.84625244140625,2.30527210235596,-156.224485,20.709651,True
337.3,MA,3.85458326339722,10384.03515625,2284.86157226562,0.0718768760561943,1134.94641113281,7.72319555282593,2.12531065940857,-156.212261,20.718443,True
337.4,MA,3.85458326339722,11766.416015625,2183.744140625,0.0778455138206482,1281.68542480469,9.05979442596436,2.14991331100464,-156.205387,20.731704,True
337.6,MA,3.85458326339722,10215.9453125,2248.25854492188,0.0776576101779938,1279.83471679688,7.77497339248657,2.9504246711731,-156.188007,20.717807,True
338.0,MA,9.11541652679443,14767.5029296875,2162.49975585938,0.390513181686401,1142.044921875,-0.436391204595566,3.12011790275574,-156.2455233,20.75846738,True
339.4,MA,9.11541652679443,14707.052734375,2095.51489257812,0.243729770183563,1154.62780761719,-2.840087890625,3.67303681373596,-156.2481667,20.75980556,True
339.5,MA,9.11541652679443,13485.5400390625,2589.36083984375,0.282763540744781,1012.08489990234,2.21726489067078,3.4020574092865,-156.2458333,20.73819444,True
339.6,MA,3.85458326339722,11114.1591796875,2949.97485351562,0.0683469027280807,1036.85095214844,21.9537963867188,4.06988573074341,-156.25675,20.71036111,True
341.7,MA,NA,NA,1921.2044677734373,NA,NA,NA,NA,-156.222311,20.773636,NA
353.0,MA,NA,NA,21.39468765258789,NA,NA,NA,NA,-156.0157,20.7946,NA
355.0,MA,15.1754169464111,996.429504394531,27.8875617980957,0.86741578578949,2176.66552734375,-2.6990053653717,2.01715302467346,-156.017,20.792,True
355.2,MA,14.1107501983643,1494.64501953125,102.357627868652,0.915176689624786,3318.0595703125,2.07420325279236,2.0457124710083,-156.0414,20.7939,True
361.0,MA,11.564582824707,1060.78881835938,9.85503196716309,0.610817492008209,343.377136230469,-3.25665354728699,1.83387517929077,-156.6738405,20.87679494,True
387.6,MA,NA,NA,236.50538635253903,NA,NA,NA,NA,-156.516,20.875,NA
398.0,MA,14.8703336715698,2502.07836914062,32.8159675598145,0.855587840080261,492.755859375,-0.195691511034966,3.14645338058472,-156.41,20.8887,True
432.4,MA,NA,NA,478.4985961914063,NA,NA,NA,NA,-156.315,20.855,NA
434.11,MA,NA,NA,628.746337890625,NA,NA,NA,NA,-156.2948,20.8415,NA
446.0,MA,13.5561666488647,1651.42614746094,202.674652099609,0.902732908725739,3245.873046875,-0.536941528320312,2.36484813690186,-156.2121892,20.89012208,True
457.1,MA,14.8703336715698,2106.36157226562,107.449554443359,0.8571537733078,599.141662597656,1.26307809352875,2.66395449638367,-156.67611,20.93194,True
462.4,MA,14.8703336715698,1169.9560546875,58.6762580871582,0.698055803775787,713.832336425781,5.01200008392334,3.89262080192566,-156.6753,20.9625,True
499.11,KO,3.85458326339722,2020.20959472656,423.331756591797,0.285381227731705,470.447601318359,19.854341506958,4.90999507904053,-156.5630556,20.5625,True
499.12,KO,3.85458326339722,2530.27685546875,246.570526123047,0.568976700305939,383.701599121094,17.1299324035645,5.11355924606323,-156.6408333,20.54361111,True
499.13,KO,11.2469997406006,2530.15771484375,305.812072753906,0.614431500434875,516.483154296875,18.4524364471436,3.29140949249268,-156.5711111,20.58027778,True
499.6,KO,11.8706665039062,2986.58129882812,431.899475097656,0.649356424808502,502.065704345703,11.5195970535278,3.54858303070068,-156.575,20.55694,True
499.8,KO,1.57491660118103,531.387512207031,16.8268451690674,0.538508594036102,327.194122314453,NA,3.6924467086792,-156.6816667,20.50888889,True
499.9,KO,11.8706665039062,996.397338867188,220.254730224609,0.614003300666809,391.362854003906,6.22712659835815,4.09487104415894,-156.5658333,20.52222222,True
524.0,MO,12.9787502288818,4538.59130859375,133.719787597656,0.696196138858795,577.151123046875,-3.14796853065491,4.70249080657959,-157.0924625,21.15514996,True
538.0,MO,14.1008329391479,5847.69677734375,796.367980957031,0.891092658042908,1766.44262695312,19.0016250610352,3.48774290084839,-156.9475,21.115,True
539.0,MO,15.1754169464111,2979.01123046875,359.598480224609,0.871479749679565,2631.82153320312,-145.053726196289,0.898086667060852,-156.9222222,21.14194444,True
541.2,MO,12.3316669464111,2989.4140625,1142.55212402344,0.787113726139069,2609.21508789062,30.0697689056396,2.9655442237854,-156.9022222,21.14083333,True
542.1,MO,11.2469997406006,1759.41381835938,197.675842285156,0.718981087207794,1093.03002929688,4.78452062606812,2.86692547798157,-156.7329,21.1447,True
550.2,MO,11.2469997406006,934.529357910156,33.6312484741211,0.673420667648315,479.646362304688,3.19745492935181,3.80958247184753,-157.2430152,21.19265034,True
553.0,MO,11.8706665039062,1100.57153320312,25.2455730438232,0.656396567821503,930.286804199219,0.764325082302094,3.66178441047668,-156.9661111,21.20333333,True
563.0,MO,13.5561666488647,683.064636230469,19.465353012085,0.823280513286591,1152.63720703125,NA,2.78033781051636,-156.9824624,21.19014673,True
598.1,MO,NA,NA,180.5463714599609,NA,NA,NA,NA,-156.729459,21.145283,NA
598.2,MO,NA,NA,397.3517456054688,NA,NA,NA,NA,-156.758626,21.131411,NA
656.0,LA,12.9787502288818,4848.16064453125,390.845764160156,0.708864212036133,506.008758544922,-1.99014532566071,3.06940841674805,-156.946639,20.7882389,True
672.1,LA,13.5561666488647,7531.86279296875,495.526428222656,0.736967861652374,791.645874023438,-5.43624258041382,2.07390260696411,-156.9182,20.8262997,True
679.0,LA,11.8706665039062,2438.27954101562,371.044952392578,0.639324963092804,556.345947265625,-2.45778775215149,3.45915579795837,-157.0063889,20.87333333,True
702.2,OA,11.2469997406006,498.244964599609,1.12270367145538,0.682736814022064,534.481079101562,NA,3.90129017829895,-157.999529,21.313926,True
702.7,OA,NA,NA,11.45666217803955,NA,NA,NA,NA,-158.06667,21.31667,NA
703.0,OA,12.9787502288818,2054.64990234375,1.7340133190155,0.6125648021698,585.656982421875,-0.244495898485184,3.95732259750366,-157.9294,21.324,True
707.2,OA,11.564582824707,2896.04809570312,30.1373195648193,0.605645179748535,1029.84338378906,-13.732349395752,3.22836565971375,-157.8305905,21.30489073,True
707.4,OA,11.564582824707,2392.24487304688,13.3642473220825,0.38421306014061,873.234436035156,-1.00615036487579,3.31429672241211,-157.833,21.301,True
717.2,OA,11.564582824707,743.507995605469,1.03311491012573,0.745101034641266,636.000610351562,-1.14341008663177,3.42256426811218,-157.8180917,21.27183682,True
721.5,OA,NA,NA,124.87334442138672,NA,NA,NA,NA,-157.792,21.298,NA
725.6,OA,14.1008329391479,5680.39501953125,601.571533203125,0.90037590265274,1093.0771484375,-8.03693675994873,2.83834481239319,-158.0944761,21.39545453,True
726.1,OA,12.2062501907349,2011.24377441406,35.7170944213867,0.629743278026581,608.538208007812,-3.00629115104675,2.64515113830566,-158.11,21.34,True
728.2,OA,14.1107501983643,4156.6943359375,681.162658691406,0.878838777542114,1064.37109375,87.6001739501953,3.79650139808655,-158.1041667,21.385,True
741.0,OA,13.5561666488647,2643.46166992188,12.1790523529053,0.64138263463974,547.957702636719,-0.489731222391129,2.26220870018005,-158.0339215,21.3401713,True
742.4,OA,13.5561666488647,550.19287109375,2.48838496208191,0.503835082054138,554.442504882812,NA,2.17623162269592,-158.0205556,21.35666667,True
752.6,OA,15.1754169464111,682.659973144531,0.835314035415649,0.679198503494263,624.817260742188,NA,2.47936296463013,-157.9811111,21.38694444,True
756.2,OA,12.9787502288818,1365.30090332031,9.16917896270752,0.611805558204651,680.221801757812,-1.95113492012024,3.20505619049072,-157.9751,21.3934,True
775.11,OA,NA,NA,114.09564208984376,NA,NA,NA,NA,-157.8369,21.33912,NA
781.0,OA,12.9787502288818,2527.36669921875,60.3341217041016,0.648283898830414,1764.54296875,3.36303043365479,2.63744068145752,-157.8105878,21.40849568,True
781.21,OA,NA,NA,18.02219009399414,NA,NA,NA,NA,-157.794,21.408,NA
781.31,OA,NA,NA,37.93023681640625,NA,NA,NA,NA,-157.806,21.4,NA
785.12,OA,NA,NA,143.68418884277344,NA,NA,NA,NA,-157.8025,21.333,NA
785.4,OA,14.1107501983643,7169.55810546875,163.819686889648,1.0,3931.830078125,-38.5162048339844,2.0604453086853,-157.8024,21.3330002,True
787.1,OA,14.1107501983643,6379.38671875,113.809425354004,0.882904469966888,1985.48303222656,9.19917678833008,2.00730562210083,-157.7668,21.351,True
793.2,OA,NA,NA,9.20826816558838,NA,NA,NA,NA,-157.717,21.3667,NA
795.1,OA,14.8703336715698,1718.76330566406,23.0244884490967,0.871227502822876,1069.43334960938,0.117697425186634,2.89464855194092,-157.7105906,21.33516407,True
799.0,OA,14.1107501983643,9716.99609375,419.58349609375,0.941190004348755,1195.53405761719,-17.6624698638916,2.63947653770447,-158.1072222,21.48,True
800.3,OA,12.9787502288818,2527.19702148438,78.0287017822266,0.725740134716034,781.719299316406,-0.0818115845322609,3.09008479118347,-158.1963889,21.47833333,True
801.2,OA,NA,NA,5.623514652252197,NA,NA,NA,NA,-158.184,21.4503,NA
803.2,OA,15.1754169464111,5621.88916015625,261.581634521484,0.786965668201447,1257.85461425781,-2.77740859985352,3.24971652030945,-158.1552778,21.48055556,True
810.1,OA,NA,NA,259.7796325683594,NA,NA,NA,NA,-158.02806,21.48722,NA
828.0,OA,13.5561666488647,12465.048828125,319.585845947266,0.982014536857605,1841.84057617188,-1.00589239597321,2.21532154083252,-157.9933333,21.49944444,True
834.14,OA,NA,NA,162.48080444335938,NA,NA,NA,NA,-157.952,21.423,NA
837.5,OA,11.8706665039062,1706.26110839844,32.6428909301758,0.822287917137146,1988.87963867188,-6.19022130966187,1.98953485488892,-157.84889,21.45167,True
837.8,OA,NA,NA,2.590622901916504,NA,NA,NA,NA,-157.81528,21.43139,NA
838.1,OA,12.2062501907349,682.569091796875,21.1410617828369,0.501306712627411,1354.65258789062,NA,2.07113265991211,-157.803921,21.42349474,True
840.0,OA,11.564582824707,498.252685546875,0.966269314289093,0.486569315195084,1013.79907226562,NA,2.5124180316925,-157.7730876,21.44404851,True
841.0,OA,14.8703336715698,1565.74951171875,17.1443195343018,0.747847735881805,904.505554199219,-7.2860894203186,2.58628940582275,-158.1866869,21.57100512,True
841.16,OA,12.9787502288818,341.120056152344,1.89669048786163,0.6594597697258,821.413879394531,NA,3.85639929771423,-158.2236287,21.57877964,True
841.2,OA,15.1754169464111,1023.40350341797,265.164428710938,0.725425004959106,713.07763671875,74.7920379638672,4.12253093719482,-158.26,21.57027778,True
842.7,OA,15.1754169464111,3030.365234375,159.116195678711,0.720495462417603,1239.41467285156,-20.8374137878418,3.10480952262878,-158.2041667,21.52611111,True
842.8,OA,15.1754169464111,699.304260253906,10.3460245132446,0.729332625865936,882.853393554688,-7.2389612197876,3.25064921379089,-158.2261111,21.52861111,True
842.9,OA,11.683500289917,3635.49487304688,538.498168945312,0.778506278991699,1304.21765136719,56.852725982666,3.70180249214172,-158.1988889,21.54277778,True
843.7,OA,11.8706665039062,1494.78259277344,7.09672403335571,0.67626291513443,915.908325195312,-52.7843933105469,2.37223529815674,-158.1986111,21.57194444,True
844.0,OA,NA,NA,1203.6251220703125,NA,NA,NA,NA,-158.1425,21.50777778,NA
844.5,OA,NA,NA,1199.0228271484375,NA,NA,NA,NA,-158.144861,21.50675,NA
847.0,OA,11.564582824707,1565.74780273438,5.37228345870972,0.77456271648407,780.106811523438,0.357328653335571,2.31761765480042,-158.121,21.5737,True
855.3,OA,11.8706665039062,6424.517578125,212.767807006836,0.809938490390778,910.878723144531,26.564208984375,2.23312783241272,-158.0893,21.5382004,True
855.4,OA,11.8706665039062,6424.517578125,212.767807006836,0.809938490390778,910.878723144531,26.564208984375,2.23312783241272,-158.08917,21.53833,True
857.4,OA,14.1107501983643,8550.1904296875,495.378509521484,0.974422931671143,1278.95263671875,-17.8926639556885,1.93498432636261,-158.1147222,21.50861111,True
858.0,OA,11.8706665039062,10904.8798828125,302.955017089844,0.743331551551819,1010.81335449219,0.164986923336983,2.54460334777832,-158.0819444,21.495,True
869.0,OA,11.683500289917,8208.46484375,365.345184326172,0.821241736412048,1909.90881347656,37.2462921142578,2.86862373352051,-158.0130556,21.58722222,True
870.0,OA,14.1107501983643,8216.287109375,321.371887207031,0.85822582244873,1443.23986816406,7.39600515365601,2.55394792556763,-158.0278054,21.5698814,True
874.3,OA,13.5561666488647,13615.6064453125,336.419891357422,0.812443912029266,1516.47033691406,18.8171672821045,2.16565990447998,-158.0089181,21.50849545,True
885.7,OA,12.3316669464111,9365.7470703125,437.432647705078,0.8913254737854,3836.01904296875,26.2778186798096,3.38670659065247,-157.9369,21.47747,True
886.8,OA,NA,NA,12.85295295715332,NA,NA,NA,NA,-157.8547,21.5067005,NA
886.9,OA,11.8706665039062,466.224365234375,5.87533664703369,0.656708359718323,1347.93249511719,NA,3.11684155464172,-157.8374,21.5213,True
892.2,OA,13.5561666488647,1056.55395507812,36.2601547241211,0.600835382938385,1212.0927734375,-30.0593585968018,1.84307825565338,-158.058759,21.638859,True
901.2,OA,12.9787502288818,741.669921875,7.30358362197876,0.787017643451691,1113.9677734375,NA,4.40563726425171,-157.945,21.6793,True
903.1,OA,14.1107501983643,1100.02502441406,4.85609102249146,0.73412412405014,1406.13049316406,-2.9453010559082,2.86458563804626,-157.9291927,21.64515375,True
903.4,OA,NA,NA,3.462144374847412,NA,NA,NA,NA,-157.929,21.65,NA
904.1,OA,3.85458326339722,232.968338012695,0.806583106517792,0.701166987419128,1632.74926757812,NA,3.55964589118958,-157.9100271,21.60987636,True
909.0,OA,14.1107501983643,2977.50708007812,101.539588928223,0.828097760677338,1311.28625488281,-12.4168062210083,3.28504133224487,-157.9894444,21.67916667,True
911.1,OA,11.2469997406006,858.026306152344,0.595511317253113,0.441936731338501,1067.671875,-1.29004037380219,3.24218797683716,-157.9525,21.68833333,True
912.0,OA,NA,NA,11.645960807800291,NA,NA,NA,NA,-157.9811,21.695,NA
926.0,KA,NA,NA,5.644928455352783,NA,NA,NA,NA,-159.6010997,21.89381249,NA
927.0,KA,14.8703336715698,1267.21264648438,35.5294075012207,0.835729956626892,741.759094238281,2.45213747024536,3.83782124519348,-159.5772088,21.90353436,True
930.0,KA,13.5561666488647,1216.42932128906,65.8923873901367,0.850338459014893,845.020385742188,1.65406310558319,3.1384162902832,-159.5572079,21.89631087,True
931.0,KA,14.8703336715698,681.578430175781,32.3329010009766,0.854469835758209,1025.2392578125,NA,3.48312664031982,-159.5172067,21.89019743,True
940.3,KA,NA,NA,13.931562423706056,NA,NA,NA,NA,-159.429,21.8828,NA
941.1,KA,14.8703336715698,1870.28198242188,19.0068531036377,0.867711663246155,1120.80041503906,-3.45054531097412,3.58845186233521,-159.422207,21.90102957,True
944.0,KA,11.564582824707,681.412292480469,0.88917601108551,0.764259457588196,493.946655273438,NA,2.23034358024597,-159.7088793,21.96686688,True
946.0,KA,11.8706665039062,1760.33459472656,124.569931030273,0.692438423633575,532.604248046875,45.2500610351562,2.66391921043396,-159.6638889,21.96638889,True
947.0,KA,13.5561666488647,498.283508300781,2.8858790397644,0.749920248985291,511.055450439453,NA,1.87610685825348,-159.6722122,21.95631113,True
965.0,KA,14.8703336715698,1188.76635742188,35.901050567627,0.793307662010193,564.819030761719,3.79632592201233,3.06590127944946,-159.6272113,21.91909048,True
985.0,KA,14.1107501983643,4632.74072265625,202.20817565918,0.875925183296204,1418.1259765625,-4.8069281578064,3.54974508285522,-159.5338717,21.92519845,True
1020.1,KA,12.2062501907349,1188.24829101562,34.790283203125,0.405833661556244,996.659423828125,-0.242381408810616,2.70812249183655,-159.3422063,21.98156999,True
1023.0,KA,12.9787502288818,696.853820800781,4.78698539733887,0.506017863750458,448.433807373047,0.993003189563751,2.49436974525452,-159.78333,22.03333,True
1029.0,KA,14.8703336715698,2798.59350585938,5.72978115081787,0.804784178733826,513.970764160156,-0.680500328540802,1.74874913692474,-159.7622222,22.02944444,True
1036.0,KA,13.5561666488647,8358.189453125,630.263366699219,0.862998425960541,821.082641601562,16.7080173492432,1.58074748516083,-159.6958333,22.04083333,True
1063.3,KA,NA,NA,116.79763793945312,NA,NA,NA,NA,-159.359,22.071,NA
1065.3,KA,NA,NA,105.78986358642578,NA,NA,NA,NA,-159.376,22.072,NA
1069.0,KA,11.683500289917,6841.56396484375,979.940856933594,0.746374249458313,1259.43383789062,7.39920282363892,2.84001231193542,-159.6791667,22.08916667,True
1074.0,KA,11.8706665039062,2043.10290527344,397.951110839844,0.547417104244232,921.333740234375,-97.854736328125,0.847210884094238,-159.7152778,22.13055556,True
1075.0,KA,11.683500289917,4579.7421875,1136.56286621094,0.851826190948486,1528.22277832031,2.51383471488953,3.16341471672058,-159.65861,22.12972,True
1115.0,KA,14.1107501983643,2910.82934570312,45.5087699890137,0.986823916435242,2841.05493164062,-58.8679809570312,1.4727748632431,-159.5564,22.1959,True
1116.2,KA,NA,NA,36.44340515136719,NA,NA,NA,NA,-159.575195,22.219805,NA
1117.0,KA,12.9787502288818,1648.95434570312,79.2671585083008,0.796271026134491,1930.28210449219,15.4305438995361,2.76633810997009,-159.4722008,22.213196,True
1117.11,KA,NA,NA,4.550517082214356,NA,NA,NA,NA,-159.5188,22.20262,NA
1117.9,KA,NA,NA,82.05113983154297,NA,NA,NA,NA,-159.443,22.2114,NA
1132.11,KA,NA,NA,109.7765884399414,NA,NA,NA,NA,-159.421,22.19748,NA
1134.0,KA,14.1107501983643,1759.4091796875,98.0269775390625,0.760585188865662,1616.55187988281,4.71098756790161,3.90271019935608,-159.4072015,22.21194093,True
1146.0,KA,14.1107501983643,2042.7626953125,87.1785430908203,0.875455319881439,1300.27893066406,17.2362194061279,3.09539318084717,-159.3375,22.18333333,True
